pclass,samples,errors,error_rate,actual_survival_rate,predicted_survival_rate
Class 1,45,10,0.2222222222222222,0.5555555555555556,0.5555555555555556
Class 3,100,18,0.18,0.24,0.16
Class 2,34,3,0.08823529411764706,0.5882352941176471,0.5588235294117647
