sex,samples,errors,error_rate,actual_survival_rate,predicted_survival_rate
female,61,11,0.18032786885245902,0.7377049180327869,0.7540983606557377
male,118,20,0.1694915254237288,0.2033898305084746,0.11864406779661017
