sex,samples,errors,error_rate,actual_survival_rate,predicted_survival_rate
female,61,10,0.16393442622950818,0.7377049180327869,0.9016393442622951
male,118,16,0.13559322033898305,0.2033898305084746,0.06779661016949153
