sex,samples,errors,error_rate,actual_survival_rate,predicted_survival_rate
female,61,12,0.19672131147540983,0.7377049180327869,0.8032786885245902
male,118,22,0.1864406779661017,0.2033898305084746,0.15254237288135594
