sex,samples,errors,error_rate,actual_survival_rate,predicted_survival_rate
female,61,13,0.21311475409836064,0.7377049180327869,0.7213114754098361
male,118,23,0.19491525423728814,0.2033898305084746,0.11016949152542373
