sex,samples,errors,error_rate,actual_survival_rate,predicted_survival_rate
female,61,12,0.19672131147540983,0.7377049180327869,0.8688524590163934
male,118,23,0.19491525423728814,0.2033898305084746,0.0423728813559322
