sex,samples,errors,error_rate,actual_survival_rate,predicted_survival_rate
male,118,23,0.19491525423728814,0.2033898305084746,0.11016949152542373
female,61,8,0.13114754098360656,0.7377049180327869,0.7704918032786885
